temp,x,y
23.88380,6,a
22.16678,3,a
76.70680,1,c
25.35782,7,a
23.50996,1,d
26.42061,4,f
27.03479,2,a
22.04395,3,f
24.82643,5,f
23.44000,4,a
23.60609,4,d